school;sex;age;address;famsize;Pstatus;Medu;Fedu;Mjob;Fjob;reason;guardian;traveltime;studytime;failures;schoolsup;famsup;paid;activities;nursery;higher;internet;romantic;famrel;freetime;goout;Dalc;Walc;health;absences
0;0;0.42857142857142855;0;1;1;1.0;1.0;0.5;0.0625;0.5;0.25;0.3333333333333333;0.3333333333333333;0.0;1;0;0;0;1;1;0;0;0.75;0.5;0.75;0.0;0.0;0.5;0.043010752688172046
0;0;0.2857142857142857;0;1;0;0.25;0.25;0.5;1.0;0.5;0.5;0.0;0.3333333333333333;0.0;0;1;0;0;0;1;1;0;1.0;0.5;0.5;0.0;0.0;0.5;0.021505376344086023
0;0;0.0;0;0;0;0.25;0.25;0.5;1.0;1.0;0.25;0.0;0.3333333333333333;0.0;1;0;0;0;1;1;1;0;0.75;0.5;0.25;0.25;0.5;0.5;0.06451612903225806
0;0;0.0;0;1;0;1.0;0.5;0.125;0.25;0.125;0.25;0.0;0.6666666666666666;0.0;0;1;0;1;1;1;1;1;0.5;0.25;0.25;0.0;0.0;1.0;0.0
0;0;0.14285714285714285;0;1;0;0.75;0.75;1.0;1.0;0.125;0.5;0.0;0.3333333333333333;0.0;0;1;0;0;1;1;0;0;0.75;0.5;0.25;0.0;0.25;1.0;0.0
